"pathway","description","log2FC","p_adj","sig","direction"
"PWY-7374","1,4-dihydroxy-6-naphthoate biosynthesis I",3.22846500659097,1.0078483806163e-06,"***","EtS_higher"
"PWY0-1479","tRNA processing",1.91371309853493,1.37615384318033e-09,"***","EtS_higher"
"PWY-5030","L-histidine degradation III",1.46323973826517,0.0319136701045397,"*","EtS_higher"
"PWY-5855","ubiquinol-7 biosynthesis (prokaryotic)",1.09264165495293,0.0315179047056369,"*","EtS_higher"
"PWY-8187",NA,1.03185857242916,0.0315179047056369,"*","EtS_higher"
"PWY-4984","urea cycle",1.03097045099919,0.0200996195420713,"*","EtS_higher"
"PWY-5497","purine nucleobases degradation II (anaerobic)",0.977476600295389,0.00524786640902825,"**","EtS_higher"
"PWY-4702","phytate degradation I",0.659017663752654,0.0203616110542764,"*","EtS_higher"
"PWY-6922","L-N&delta;-acetylornithine biosynthesis",0.528812280002385,0.0312611618695166,"*","EtS_higher"
"PWY-821","superpathway of sulfur amino acid biosynthesis (Saccharomyces cerevisiae)",-0.530827631655706,0.0307426133145959,"*","GCtS_higher"
"OANTIGEN-PWY","O-antigen building blocks biosynthesis (E. coli)",-0.540682237467364,0.0345324652154369,"*","GCtS_higher"
"PWY-7111","pyruvate fermentation to isobutanol (engineered)",-0.565401846948542,0.0278123302843738,"*","GCtS_higher"
"POLYAMINSYN3-PWY","superpathway of polyamine biosynthesis II",-0.569737316807368,0.0259851248237748,"*","GCtS_higher"
"PWY4FS-7","phosphatidylglycerol biosynthesis I (plastidic)",-0.581522210780423,0.0323149079465747,"*","GCtS_higher"
"PWY4FS-8","phosphatidylglycerol biosynthesis II (non-plastidic)",-0.581522210780423,0.0323149079465747,"*","GCtS_higher"
"PWY-8004",NA,-0.588445267651429,0.0467356262107565,"*","GCtS_higher"
"GLYCOLYSIS-E-D","superpathway of glycolysis and Entner-Doudoroff",-0.610862629835298,0.0289968672091349,"*","GCtS_higher"
"PWY0-1297","superpathway of purine deoxyribonucleosides degradation",-0.617813419677546,0.0298577274093119,"*","GCtS_higher"
"PWY-5345","superpathway of L-methionine biosynthesis (by sulfhydrylation)",-0.650664089696264,0.008625215598659,"**","GCtS_higher"
"GLUDEG-I-PWY","GABA shunt",-0.663366751355322,0.0189695185636735,"*","GCtS_higher"
"METHYLGALLATE-DEGRADATION-PWY","methylgallate degradation",-0.674590821364291,0.0315438006100715,"*","GCtS_higher"
"PWY-7400","L-arginine biosynthesis IV (archaebacteria)",-0.693950482696362,0.00494857268241967,"**","GCtS_higher"
"P184-PWY","protocatechuate degradation I (meta-cleavage pathway)",-0.699240976420766,0.0274869636175673,"*","GCtS_higher"
"PWY0-1061","superpathway of L-alanine biosynthesis",-0.700483073032278,0.0426654072134676,"*","GCtS_higher"
"PWY-5505","L-glutamate and L-glutamine biosynthesis",-0.704635829087605,0.021288166226224,"*","GCtS_higher"
"PWY66-399","gluconeogenesis III",-0.709245242273705,0.0183652600474233,"*","GCtS_higher"
"GALLATE-DEGRADATION-II-PWY","gallate degradation I",-0.713304246803959,0.0330225907959693,"*","GCtS_higher"
"PWY-2941","L-lysine biosynthesis II",-0.720961971846811,0.0298577274093119,"*","GCtS_higher"
"PWY0-1277","3-phenylpropanoate and 3-(3-hydroxyphenyl)propanoate degradation",-0.721231188924676,0.0165033810831088,"*","GCtS_higher"
"PWY-7902",NA,-0.723168536435556,0.0169378333820822,"*","GCtS_higher"
"PWY-6901","superpathway of glucose and xylose degradation",-0.72593214246303,0.00885708305436277,"**","GCtS_higher"
"HCAMHPDEG-PWY","3-phenylpropanoate and 3-(3-hydroxyphenyl)propanoate degradation to 2-oxopent-4-enoate",-0.729837156098827,0.0303343196369959,"*","GCtS_higher"
"PWY-6690","cinnamate and 3-hydroxycinnamate degradation to 2-oxopent-4-enoate",-0.729837156098827,0.0303343196369959,"*","GCtS_higher"
"PWY-7873",NA,-0.730621258095447,0.0236253049586094,"*","GCtS_higher"
"PWY-6353","purine nucleotides degradation II (aerobic)",-0.732638357507054,0.00707249984727612,"**","GCtS_higher"
"SULFATE-CYS-PWY","superpathway of sulfate assimilation and cysteine biosynthesis",-0.735299223008495,0.00357308266656918,"**","GCtS_higher"
"PWY-6421","arsenate detoxification III (mycothiol)",-0.735333708997539,0.0408172856573161,"*","GCtS_higher"
"PWY-6292","superpathway of L-cysteine biosynthesis (mammalian)",-0.736415371725993,0.00707249984727612,"**","GCtS_higher"
"DENOVOPURINE2-PWY","superpathway of purine nucleotides de novo biosynthesis II",-0.738967783886031,0.00702510604120035,"**","GCtS_higher"
"PWY-7383","anaerobic energy metabolism (invertebrates, cytosol)",-0.740599152584649,0.0236253049586094,"*","GCtS_higher"
"PWY-5655","L-tryptophan degradation IX",-0.743616454040505,0.0379635668771667,"*","GCtS_higher"
"GLYCOCAT-PWY","glycogen degradation I (bacterial)",-0.747950340721066,0.00409835747701043,"**","GCtS_higher"
"DTDPRHAMSYN-PWY","dTDP-L-rhamnose biosynthesis I",-0.75098576565759,0.00621683776141264,"**","GCtS_higher"
"PWY-6562","norspermidine biosynthesis",-0.751130561027398,0.0451047954597153,"*","GCtS_higher"
"PWY-6210","2-aminophenol degradation",-0.757302154412852,0.0412024825313464,"*","GCtS_higher"
"PWY0-1296","purine ribonucleosides degradation",-0.76538801758766,0.00488265934042561,"**","GCtS_higher"
"PWY-6396","superpathway of 2,3-butanediol biosynthesis",-0.766893950310399,0.0134991796657301,"*","GCtS_higher"
"PWY-7761",NA,-0.78324521694602,0.00429518552006937,"**","GCtS_higher"
"PPGPPMET-PWY","ppGpp biosynthesis",-0.784370614241849,0.00702510604120035,"**","GCtS_higher"
"PWY-5028","L-histidine degradation II",-0.789133607122057,0.014600693637465,"*","GCtS_higher"
"PWY-1622","formaldehyde assimilation I (serine pathway)",-0.79085342970852,0.0102325292968158,"*","GCtS_higher"
"ALLANTOINDEG-PWY","superpathway of allantoin degradation in yeast",-0.791458800395919,0.0116429906016982,"*","GCtS_higher"
"PWY-7237","myo-, chiro- and scillo-inositol degradation",-0.793754394088752,0.00464406029371475,"**","GCtS_higher"
"PYRIDNUCSAL-PWY","NAD salvage pathway I",-0.799693788289514,0.00401882711436447,"**","GCtS_higher"
"SO4ASSIM-PWY","sulfate reduction I (assimilatory)",-0.799735560574154,0.00357308266656918,"**","GCtS_higher"
"PWY-7052","cyanophycin metabolism",-0.805087877369911,0.00764096425329104,"**","GCtS_higher"
"PWY-6338","superpathway of vanillin and vanillate degradation",-0.809630072066679,0.0183652600474233,"*","GCtS_higher"
"PWY-7097","vanillin and vanillate degradation I",-0.809630072066679,0.0183652600474233,"*","GCtS_higher"
"PWY0-1261","anhydromuropeptides recycling",-0.809644084768462,0.00707249984727612,"**","GCtS_higher"
"14DICHLORBENZDEG-PWY","1,4-dichlorobenzene degradation",-0.815958795840724,0.0161512530988629,"*","GCtS_higher"
"PWY-6084","3,5-dichlorocatechol degradation",-0.815958795840724,0.0161512530988629,"*","GCtS_higher"
"PWY-7900",NA,-0.821385619011134,0.00885708305436277,"**","GCtS_higher"
"PWY-181","photorespiration",-0.825362407521873,0.00942785091112374,"**","GCtS_higher"
"PWY-6071","superpathway of phenylethylamine degradation",-0.831287198170695,0.00698015570873669,"**","GCtS_higher"
"REDCITCYC","TCA cycle VIII (helicobacter)",-0.833931783261705,0.00764096425329104,"**","GCtS_higher"
"PWY-6404","superpathway of mycolyl-arabinogalactan-peptidoglycan complex biosynthesis",-0.83953441474145,0.0130113777813232,"*","GCtS_higher"
"GALLATE-DEGRADATION-I-PWY","gallate degradation II",-0.842275485968611,0.0133279661361324,"*","GCtS_higher"
"TYRFUMCAT-PWY","L-tyrosine degradation I",-0.842345260147933,0.00684701613940289,"**","GCtS_higher"
"PWY-6126","superpathway of adenosine nucleotides de novo biosynthesis II",-0.842590287803684,0.00401882711436447,"**","GCtS_higher"
"PWY66-367","ketogenesis",-0.843352110399734,0.0222093903015726,"*","GCtS_higher"
"PWY66-409","superpathway of purine nucleotide salvage",-0.84936431280718,0.00324005728620918,"**","GCtS_higher"
"PWY-6608","guanosine nucleotides degradation III",-0.850864496264037,0.00316782972083854,"**","GCtS_higher"
"PWY0-321","phenylacetate degradation I (aerobic)",-0.854722608620275,0.0106847848229818,"*","GCtS_higher"
"PWY-6435","4-hydroxybenzoate biosynthesis V",-0.854811462178215,0.00621683776141264,"**","GCtS_higher"
"PWY-6595","superpathway of guanosine nucleotides degradation (plants)",-0.858622328729741,0.00320523165254734,"**","GCtS_higher"
"P441-PWY","superpathway of N-acetylneuraminate degradation",-0.859612720423441,0.0144122749737068,"*","GCtS_higher"
"PWY-7376","cob(II)yrinate a,c-diamide biosynthesis II (late cobalt incorporation)",-0.860380088147928,0.00320523165254734,"**","GCtS_higher"
"DAPLYSINESYN-PWY","L-lysine biosynthesis I",-0.860569095078614,0.00249553331594007,"**","GCtS_higher"
"PWY-7858",NA,-0.864019154176687,0.00885708305436277,"**","GCtS_higher"
"PWY-5910","superpathway of geranylgeranyldiphosphate biosynthesis I (via mevalonate)",-0.867388164642751,0.0280770678508502,"*","GCtS_higher"
"PWY-922","mevalonate pathway I",-0.870498067853986,0.0274869636175673,"*","GCtS_higher"
"GLUTORN-PWY","L-ornithine biosynthesis",-0.871360684488353,0.00138932711729171,"**","GCtS_higher"
"PWY-7294","xylose degradation IV",-0.875805782234554,0.00633787679714782,"**","GCtS_higher"
"PWY-7328","superpathway of UDP-glucose-derived O-antigen building blocks biosynthesis",-0.882005946700082,0.00450061042100956,"**","GCtS_higher"
"PWY-6946","cholesterol degradation to androstenedione II (cholesterol dehydrogenase)",-0.882053417688825,0.0249955457921126,"*","GCtS_higher"
"PWY-6182","superpathway of salicylate degradation",-0.884173992569883,0.00702510604120035,"**","GCtS_higher"
"P125-PWY","superpathway of (R,R)-butanediol biosynthesis",-0.884901977148821,0.0419866350126449,"*","GCtS_higher"
"PWY-6936","seleno-amino acid biosynthesis",-0.895142233375797,0.00279881611741773,"**","GCtS_higher"
"PWY-5415","catechol degradation I (meta-cleavage pathway)",-0.89755202259811,0.00470048323695244,"**","GCtS_higher"
"PWY-6641","superpathway of sulfolactate degradation",-0.899871822701367,0.011518291580068,"*","GCtS_higher"
"PWY3O-4107",NA,-0.901158282281916,0.0018401668114846,"**","GCtS_higher"
"PWY-7090","UDP-2,3-diacetamido-2,3-dideoxy-&alpha;-D-mannuronate biosynthesis",-0.902289504392065,0.00835150136106983,"**","GCtS_higher"
"PWY-5417","catechol degradation III (ortho-cleavage pathway)",-0.906651947938079,0.0123742184286709,"*","GCtS_higher"
"PWY-5431","aromatic compounds degradation via &beta;-ketoadipate",-0.906651947938079,0.0123742184286709,"*","GCtS_higher"
"ARG+POLYAMINE-SYN","superpathway of arginine and polyamine biosynthesis",-0.907071273578609,0.00247430058482324,"**","GCtS_higher"
"PWY-6897","thiamin salvage II",-0.908038022388804,0.00261818997990215,"**","GCtS_higher"
"PWY-6397","mycolyl-arabinogalactan-peptidoglycan complex biosynthesis",-0.90904028335584,0.0177553227263281,"*","GCtS_higher"
"PWY-5659","GDP-mannose biosynthesis",-0.910520723003286,0.00119063335435809,"**","GCtS_higher"
"PWY-7229","superpathway of adenosine nucleotides de novo biosynthesis I",-0.911259931309562,0.00316782972083854,"**","GCtS_higher"
"PWY0-1477","ethanolamine utilization",-0.912407094438104,0.00979740723264372,"**","GCtS_higher"
"PWY-7295","L-arabinose degradation IV",-0.913490088156494,0.0214422437996267,"*","GCtS_higher"
"PWY-5647","2-nitrobenzoate degradation I",-0.913824451122039,0.00715694762882931,"**","GCtS_higher"
"PWY1ZNC-1",NA,-0.914491763012944,0.00188575749477512,"**","GCtS_higher"
"PWY490-3","nitrate reduction VI (assimilatory)",-0.915134430795311,0.00320012682584907,"**","GCtS_higher"
"POLYAMSYN-PWY","superpathway of polyamine biosynthesis I",-0.917179872350065,0.00316630572560439,"**","GCtS_higher"
"PWY-7399","methylphosphonate degradation II",-0.937488691554208,0.00514620079937252,"**","GCtS_higher"
"PYRIDNUCSYN-PWY","NAD biosynthesis I (from aspartate)",-0.945078249635954,0.00136692951382566,"**","GCtS_higher"
"PWY-5005","biotin biosynthesis II",-0.950835497737922,0.00392719569943866,"**","GCtS_higher"
"METHGLYUT-PWY","superpathway of methylglyoxal degradation",-0.95185438237901,0.0126032277324405,"*","GCtS_higher"
"PWY0-781","aspartate superpathway",-0.953932208023013,0.00168489329810489,"**","GCtS_higher"
"PWY-5654","2-amino-3-carboxymuconate semialdehyde degradation to 2-oxopentenoate",-0.95796977894708,0.00173440533147447,"**","GCtS_higher"
"PWY-6962","superpathway of trimethylamine degradation",-0.95856382811592,0.0168348025098169,"*","GCtS_higher"
"PROTOCATECHUATE-ORTHO-CLEAVAGE-PWY","protocatechuate degradation II (ortho-cleavage pathway)",-0.964042412857343,0.00324005728620918,"**","GCtS_higher"
"P4-PWY","superpathway of L-lysine, L-threonine and L-methionine biosynthesis I",-0.964493301811038,0.0015902819571319,"**","GCtS_higher"
"CATECHOL-ORTHO-CLEAVAGE-PWY","catechol degradation to &beta;-ketoadipate",-0.965045209907158,0.0180744500507599,"*","GCtS_higher"
"PWY0-41","allantoin degradation IV (anaerobic)",-0.967890598710793,0.00514620079937252,"**","GCtS_higher"
"COLANSYN-PWY","colanic acid building blocks biosynthesis",-0.974716460724205,0.00188575749477512,"**","GCtS_higher"
"PWY-5178","toluene degradation IV (aerobic) (via catechol)",-0.976801261784861,0.00488265934042561,"**","GCtS_higher"
"P23-PWY","reductive TCA cycle I",-0.982813720723084,0.00145700319885976,"**","GCtS_higher"
"PWY0-862","(5Z)-dodec-5-enoate biosynthesis",-0.989702270497299,0.00470048323695244,"**","GCtS_higher"
"PWY-7254","TCA cycle VII (acetate-producers)",-0.995242176212597,0.00488265934042561,"**","GCtS_higher"
"PWY-5741","ethylmalonyl-CoA pathway",-0.996408707683105,0.00600996813848439,"**","GCtS_higher"
"PWY-7373","superpathway of demethylmenaquinol-6 biosynthesis II",-0.997430028584645,0.013001056583466,"*","GCtS_higher"
"PWY-5420","catechol degradation II (meta-cleavage pathway)",-0.998560566993895,0.00124446215304577,"**","GCtS_higher"
"LIPASYN-PWY","phospholipases",-0.999929422278385,0.0029009131373009,"**","GCtS_higher"
"PWY-6588","pyruvate fermentation to acetone",-1.00473545279049,0.00163861685984554,"**","GCtS_higher"
"PWY-6902","chitin degradation II",-1.0089846839669,0.0148689680541118,"*","GCtS_higher"
"CRNFORCAT-PWY","creatinine degradation I",-1.02273054402333,0.00716625119952186,"**","GCtS_higher"
"PWY-7805",NA,-1.02278545423595,0.00320523165254734,"**","GCtS_higher"
"MET-SAM-PWY","superpathway of S-adenosyl-L-methionine biosynthesis",-1.0244633895818,0.00124446215304577,"**","GCtS_higher"
"PWY66-388","fatty acid &alpha;-oxidation III",-1.02508602800109,0.0376583030275238,"*","GCtS_higher"
"PWY-7268","NAD/NADP-NADH/NADPH cytosolic interconversion (yeast)",-1.0283250323736,0.0298577274093119,"*","GCtS_higher"
"P185-PWY","formaldehyde assimilation III (dihydroxyacetone cycle)",-1.03680515923816,0.0471155494304901,"*","GCtS_higher"
"PWY-6895","superpathway of thiamin diphosphate biosynthesis II",-1.03705080505779,0.00173693727710334,"**","GCtS_higher"
"PWY-5430","meta cleavage pathway of aromatic compounds",-1.03960253024089,0.00128784935511634,"**","GCtS_higher"
"PWY-5347","superpathway of L-methionine biosynthesis (transsulfuration)",-1.0457427345759,0.00119063335435809,"**","GCtS_higher"
"PWY-5419","catechol degradation to 2-oxopent-4-enoate II",-1.0515770629781,0.00062253194577238,"***","GCtS_higher"
"METSYN-PWY",NA,-1.05413258207256,0.00124446215304577,"**","GCtS_higher"
"PWY0-1337","oleate &beta;-oxidation",-1.05574286551198,0.00157082432803429,"**","GCtS_higher"
"PWY-7356","thiamin salvage IV (yeast)",-1.05937212944556,0.00392719569943866,"**","GCtS_higher"
"PWY66-389","phytol degradation",-1.06284379349899,0.00085365614851618,"***","GCtS_higher"
"PWY-5022","4-aminobutanoate degradation V",-1.06330043002508,0.00085365614851618,"***","GCtS_higher"
"PWY-7807",NA,-1.07064986815981,0.00249553331594007,"**","GCtS_higher"
"PWY-6185","4-methylcatechol degradation (ortho cleavage)",-1.07407592229085,0.00401882711436447,"**","GCtS_higher"
"PWY-5519","D-arabinose degradation III",-1.07755612114432,0.00452428187917868,"**","GCtS_higher"
"PWY-7255","ergothioneine biosynthesis I (bacteria)",-1.0799876267136,0.00847757974602237,"**","GCtS_higher"
"PWY-6307","L-tryptophan degradation X (mammalian, via tryptamine)",-1.08709031937778,0.00168489329810489,"**","GCtS_higher"
"PWY-5100","pyruvate fermentation to acetate and lactate II",-1.0883674724625,0.00242832088277584,"**","GCtS_higher"
"PWY-5154","L-arginine biosynthesis III (via N-acetyl-L-citrulline)",-1.10163703536673,0.00040474447794657,"***","GCtS_higher"
"PCPDEG-PWY","pentachlorophenol degradation",-1.10543795519708,0.00205235962594894,"**","GCtS_higher"
"HOMOSER-METSYN-PWY","L-methionine biosynthesis I",-1.10690604555579,0.00136692951382566,"**","GCtS_higher"
"KETOGLUCONMET-PWY","ketogluconate metabolism",-1.11187135457517,0.0280770678508502,"*","GCtS_higher"
"PWY-6969","TCA cycle V (2-oxoglutarate:ferredoxin oxidoreductase)",-1.11233734839901,0.00042119213155455,"***","GCtS_higher"
"PWY0-1533","methylphosphonate degradation I",-1.11704196601926,0.00173440533147447,"**","GCtS_higher"
"PWY-7323","superpathway of GDP-mannose-derived O-antigen building blocks biosynthesis",-1.11739590749395,0.00042119213155455,"***","GCtS_higher"
"PWY-5723","Rubisco shunt",-1.11819199004844,0.00349460569276067,"**","GCtS_higher"
"PWY-8085",NA,-1.12022776149259,0.00166906568900146,"**","GCtS_higher"
"PWY-6339","syringate degradation",-1.12076239168977,0.00890235017075705,"**","GCtS_higher"
"GALACTARDEG-PWY","D-galactarate degradation I",-1.12288175260471,0.00293436114140665,"**","GCtS_higher"
"GLUCARGALACTSUPER-PWY","superpathway of D-glucarate and D-galactarate degradation",-1.12288175260471,0.00293436114140665,"**","GCtS_higher"
"GLCMANNANAUT-PWY","superpathway of N-acetylglucosamine, N-acetylmannosamine and N-acetylneuraminate degradation",-1.12524993773088,0.00119063335435809,"**","GCtS_higher"
"PWY-6748","nitrate reduction VII (denitrification)",-1.13067193623993,0.0192811368694553,"*","GCtS_higher"
"LACTOSECAT-PWY","lactose and galactose degradation I",-1.13081366614637,0.00579025593773834,"**","GCtS_higher"
"PWY-7377","cob(II)yrinate a,c-diamide biosynthesis I (early cobalt insertion)",-1.13342661399805,0.00155763117642963,"**","GCtS_higher"
"PWY-7269","NAD/NADP-NADH/NADPH mitochondrial interconversion (yeast)",-1.1361408439132,0.0315179047056369,"*","GCtS_higher"
"PWY-6317","galactose degradation I (Leloir pathway)",-1.13844325229623,0.00042119213155455,"***","GCtS_higher"
"PWY-7854",NA,-1.13960677526429,0.00083410523242504,"***","GCtS_higher"
"PWY-6906","chitin derivatives degradation",-1.16449523905979,0.00182356237660052,"**","GCtS_higher"
"P562-PWY","myo-inositol degradation I",-1.17299582054173,0.00173440533147447,"**","GCtS_higher"
"P42-PWY","incomplete reductive TCA cycle",-1.18057862879714,0.00026745884840125,"***","GCtS_higher"
"HEXITOLDEGSUPER-PWY","superpathway of hexitol degradation (bacteria)",-1.1882123311405,0.00045505063716326,"***","GCtS_higher"
"ASPASN-PWY","superpathway of L-aspartate and L-asparagine biosynthesis",-1.19068658970125,0.00146006538585045,"**","GCtS_higher"
"PWY-1269","CMP-3-deoxy-D-manno-octulosonate biosynthesis I",-1.19128811016344,0.00188575749477512,"**","GCtS_higher"
"P221-PWY","octane oxidation",-1.20978968808276,0.00146006538585045,"**","GCtS_higher"
"RHAMCAT-PWY","L-rhamnose degradation I",-1.21133480365361,0.0015315310637766,"**","GCtS_higher"
"PWY-3661","glycine betaine degradation I",-1.21724028880665,0.00218193840676507,"**","GCtS_higher"
"PWY-5838","superpathway of menaquinol-8 biosynthesis I",-1.2200088348894,0.00042119213155455,"***","GCtS_higher"
"DENITRIFICATION-PWY","nitrate reduction I (denitrification)",-1.23383106874026,0.00546821446356379,"**","GCtS_higher"
"PWY-6961","L-ascorbate degradation II (bacterial, aerobic)",-1.24051657181584,0.00835044449027061,"**","GCtS_higher"
"PWY-6891","thiazole biosynthesis II (Bacillus)",-1.2406403747155,0.0470818223970014,"*","GCtS_higher"
"PWY-6467","Kdo transfer to lipid IVA III (Chlamydia)",-1.24747928046239,0.00173693727710334,"**","GCtS_higher"
"PWY-6470","peptidoglycan biosynthesis V (&beta;-lactam resistance)",-1.27072134983709,0.0002706395924796,"***","GCtS_higher"
"NAGLIPASYN-PWY","lipid IVA biosynthesis",-1.27936468760973,0.00136612769432106,"**","GCtS_higher"
"PWY-8073",NA,-1.27936468760973,0.00136612769432106,"**","GCtS_higher"
"PWY0-301","L-ascorbate degradation I (bacterial, anaerobic)",-1.28601590796809,0.0214578116109165,"*","GCtS_higher"
"PWY-5840","superpathway of menaquinol-7 biosynthesis",-1.29004886651113,0.000403671975201,"***","GCtS_higher"
"PWY-5744","glyoxylate assimilation",-1.29432295779732,0.0406491208829238,"*","GCtS_higher"
"PWY-5747","2-methylcitrate cycle II",-1.31190371459699,0.00356318188767788,"**","GCtS_higher"
"PWY-7855",NA,-1.31205781292626,0.00316782972083854,"**","GCtS_higher"
"PWY-5897","superpathway of menaquinol-11 biosynthesis",-1.31562092153954,0.00036447372160573,"***","GCtS_higher"
"PWY-5898","superpathway of menaquinol-12 biosynthesis",-1.31562092153954,0.00036447372160573,"***","GCtS_higher"
"PWY-5899","superpathway of menaquinol-13 biosynthesis",-1.31562092153954,0.00036447372160573,"***","GCtS_higher"
"PWY-5861","superpathway of demethylmenaquinol-8 biosynthesis",-1.32240266241073,0.00026745884840125,"***","GCtS_higher"
"PWY-7024","superpathway of the 3-hydroxypropanoate cycle",-1.3244828800012,0.0376583030275238,"*","GCtS_higher"
"PWY-5743","3-hydroxypropanoate cycle",-1.32629049751321,0.0376583030275238,"*","GCtS_higher"
"PWY-6527","stachyose degradation",-1.32909434108304,0.00020592053876414,"***","GCtS_higher"
"GLYCOL-GLYOXDEG-PWY","superpathway of glycol metabolism and degradation",-1.33506316441357,0.000419643377767,"***","GCtS_higher"
"PWY-5989","stearate biosynthesis II (bacteria and plants)",-1.34820682675045,0.00042119213155455,"***","GCtS_higher"
"PWY-6478","GDP-D-glycero-&alpha;-D-manno-heptose biosynthesis",-1.35728219472728,0.00042119213155455,"***","GCtS_higher"
"PWY-6344","L-ornithine degradation II (Stickland reaction)",-1.35754856454213,0.0029009131373009,"**","GCtS_higher"
"PWY0-1241","ADP-L-glycero-&beta;-D-manno-heptose biosynthesis",-1.36672184865317,0.00044078175183554,"***","GCtS_higher"
"PWY-6803","phosphatidylcholine acyl editing",-1.36849967686723,0.0283671779406289,"*","GCtS_higher"
"PWY-5742","L-arginine degradation IX (arginine:pyruvate transaminase pathway)",-1.36918359076652,0.0086913059169706,"**","GCtS_higher"
"GLUCARDEG-PWY","D-glucarate degradation I",-1.3702565414174,0.00157082432803429,"**","GCtS_higher"
"PWY-3941","&beta;-alanine biosynthesis II",-1.39212293076351,0.0343974206921378,"*","GCtS_higher"
"PWY-7574","propanoyl-CoA degradation II",-1.39300856076851,0.0343974206921378,"*","GCtS_higher"
"GALACTITOLCAT-PWY","galactitol degradation",-1.42540452230906,0.00026745884840125,"***","GCtS_higher"
"PWY-5850","superpathway of menaquinol-6 biosynthesis I",-1.43050266967104,0.00042119213155455,"***","GCtS_higher"
"PWY-5138","unsaturated, even numbered fatty acid &beta;-oxidation",-1.4321076870089,0.00082761512130838,"***","GCtS_higher"
"PWY-5845","superpathway of menaquinol-9 biosynthesis",-1.44105652733494,0.000403671975201,"***","GCtS_higher"
"PWY-5896","superpathway of menaquinol-10 biosynthesis",-1.44105652733494,0.000403671975201,"***","GCtS_higher"
"PWY-6837","fatty acid beta-oxidation V (unsaturated, odd number, di-isomerase-dependent)",-1.44485254837822,0.00084938661609131,"***","GCtS_higher"
"PWY-5062","superpathway of nicotinate degradation",-1.46015771665777,0.014600693637465,"*","GCtS_higher"
"PWY-7783",NA,-1.46077156813302,0.0214422437996267,"*","GCtS_higher"
"PWY-5860","superpathway of demethylmenaquinol-6 biosynthesis I",-1.51446891247895,0.000403671975201,"***","GCtS_higher"
"PWY-6505","L-tryptophan degradation XII (Geobacillus)",-1.52313815346153,0.0376583030275238,"*","GCtS_higher"
"PWY-5862","superpathway of demethylmenaquinol-9 biosynthesis",-1.52484544233606,0.00036447372160573,"***","GCtS_higher"
"PWY-8131",NA,-1.54655883698482,0.00042119213155455,"***","GCtS_higher"
"PWY-5837","1,4-dihydroxy-2-naphthoate biosynthesis I",-1.55258460113086,7.21935747905681e-05,"***","GCtS_higher"
"PWY-7480","2,3-dihydroxybenzoate degradation",-1.5916102400063,5.41144163479501e-06,"***","GCtS_higher"
"P381-PWY","adenosylcobalamin biosynthesis II (late cobalt incorporation)",-1.59592248386262,0.0002706395924796,"***","GCtS_higher"
"PWY-5494","pyruvate fermentation to propanoate II (acrylate pathway)",-1.63000624081849,0.00057092227753067,"***","GCtS_higher"
"PWY-6672","cis-genanyl-CoA degradation",-1.66468640259293,0.00163861685984554,"**","GCtS_higher"
"PWY-7316","dTDP-N-acetylviosamine biosynthesis",-1.71556520968808,0.00026745884840125,"***","GCtS_higher"
"CODH-PWY","reductive acetyl coenzyme A pathway",-1.72592062762297,0.00401882711436447,"**","GCtS_higher"
"FUC-RHAMCAT-PWY","superpathway of fucose and rhamnose degradation",-1.73024955106677,2.03854408735312e-05,"***","GCtS_higher"
"PWY-5507","adenosylcobalamin biosynthesis I (early cobalt insertion)",-1.74342601000221,0.00085365614851618,"***","GCtS_higher"
"METH-ACETATE-PWY","methanogenesis from acetate",-1.7524753608097,0.00357308266656918,"**","GCtS_higher"
"P163-PWY","L-lysine fermentation to acetate and butanoate",-1.76111613989765,9.35463918827484e-06,"***","GCtS_higher"
"3-HYDROXYPHENYLACETATE-DEGRADATION-PWY","4-hydroxyphenylacetate degradation",-1.79992638373982,0.0387622476295991,"*","GCtS_higher"
"DARABCATK12-PWY","D-arabinose degradation I",-1.81596255610366,0.00012778840668494,"***","GCtS_higher"
"PWY-1541","superpathway of taurine degradation",-1.82215898998032,0.00046961562068403,"***","GCtS_higher"
"PWY6666-2","dopamine degradation",-1.86524685732522,0.000419643377767,"***","GCtS_higher"
"FUCCAT-PWY","fucose degradation",-1.87149214685882,2.03854408735312e-05,"***","GCtS_higher"
"PWY-6676","superpathway of sulfide oxidation (phototrophic sulfur bacteria)",-1.92404002141018,0.00319039134465105,"**","GCtS_higher"
"PWY-6143","CMP-pseudaminate biosynthesis",-1.96075652745191,0.00128784935511634,"**","GCtS_higher"
"PWY-5656","mannosylglycerate biosynthesis I",-1.97531332743574,0.0470592526489478,"*","GCtS_higher"
"PWY-7948",NA,-1.99022000249206,0.0412351535571391,"*","GCtS_higher"
"PWY-7883",NA,-2.02260925359794,0.00011686582725852,"***","GCtS_higher"
"PWY-4321","L-glutamate degradation IV",-2.034816311686,0.00042119213155455,"***","GCtS_higher"
"CARNMET-PWY","L-carnitine degradation I",-2.08146686594797,9.35463918827484e-06,"***","GCtS_higher"
"P241-PWY","coenzyme B biosynthesis",-2.09068690063374,0.0407062364835902,"*","GCtS_higher"
"PWY-5055","nicotinate degradation III",-2.09684117442425,0.00214667616542523,"**","GCtS_higher"
"PWY-7332","superpathway of UDP-N-acetylglucosamine-derived O-antigen building blocks biosynthesis",-2.10607169134473,0.00045505063716326,"***","GCtS_higher"
"PWY-6471","peptidoglycan biosynthesis IV (Enterococcus faecium)",-2.21874991606808,0.00847757974602237,"**","GCtS_higher"
"PWY-5265","peptidoglycan biosynthesis II (staphylococci)",-2.25695360668928,0.00556744672829762,"**","GCtS_higher"
"PWY-5677","succinate fermentation to butanoate",-2.40672054206595,3.36226142927387e-06,"***","GCtS_higher"
"PWY-7347","sucrose biosynthesis III",-2.42711193989923,0.00682755866293943,"**","GCtS_higher"
"PWY0-1338","polymyxin resistance",-2.43719854927423,0.0123742184286709,"*","GCtS_higher"
"PWY-8190",NA,-2.45933288966786,0.00047936787400777,"***","GCtS_higher"
"SUCSYN-PWY","sucrose biosynthesis I (from photosynthesis)",-2.48632865398507,0.00672617069876722,"**","GCtS_higher"
"PWY-6749","CMP-legionaminate biosynthesis I",-2.49856212781346,1.86206225505359e-05,"***","GCtS_higher"
"PWY-5101","L-isoleucine biosynthesis II",-2.57367290878622,0.00673816650577537,"**","GCtS_higher"
"PWY-7456","mannan degradation",-2.57803458543241,5.41144163479501e-06,"***","GCtS_higher"
"PWY-7674","CMP-8-amino-3,8-dideoxy-D-manno-octulosonate biosynthesis",-2.70433631029399,0.0220890552620141,"*","GCtS_higher"
"KDO-NAGLIPASYN-PWY","superpathway of (Kdo)2-lipid A biosynthesis",-2.72436043072241,0.00275026733575237,"**","GCtS_higher"
"PWY-5104","L-isoleucine biosynthesis IV",-2.85846108887751,2.04624221566974e-06,"***","GCtS_higher"
"PWY-7084","nitrifier denitrification",-2.87776414140039,0.00914476409762775,"**","GCtS_higher"
"PWY-7031","protein N-glycosylation (bacterial)",-3.1074561591763,0.0278366188773921,"*","GCtS_higher"
"PWY-5645","4-chloronitrobenzene degradation",-3.16643793889502,0.026885238008661,"*","GCtS_higher"
"METHANOGENESIS-PWY","methanogenesis from H2 and CO2",-3.49163589918099,0.0018401668114846,"**","GCtS_higher"
"PWY-6565","superpathway of polyamine biosynthesis III",-4.32559856459798,0.00452428187917868,"**","GCtS_higher"
